{
  "description": "X = T_ee_to_camera_color_optical from URDF (wxai_follower.urdf)",
  "source": "computed from URDF transforms",
  "ee_frame": "ee_gripper_link",
  "camera_frame": "camera_color_optical_frame",
  "translation_meters": {
    "x": -0.09741183404463385,
    "y": 0.008999999999999998,
    "z": 0.054272138451420565
  },
  "rotation_degrees": {
    "roll": -109.99999999999997,
    "pitch": 1.2722218725854067e-14,
    "yaw": -90.0
  },
  "quaternion_xyzw": [
    0.5792279653395692,
    -0.5792279653395692,
    0.4055797876726389,
    -0.405579787672639
  ],
  "matrix_4x4": [
    [
      2.0865367673337428e-16,
      -0.34202014332566844,
      0.9396926207859084,
      -0.09741183404463385
    ],
    [
      -0.9999999999999999,
      0.0,
      2.2204460492503128e-16,
      0.008999999999999998
    ],
    [
      -7.594372760115068e-17,
      -0.9396926207859084,
      -0.34202014332566844,
      0.054272138451420565
    ],
    [
      0.0,
      0.0,
      0.0,
      1.0
    ]
  ]
}
