{
  "R_cam2gripper": [
    [
      0.866614419509627,
      -0.4143409143213569,
      0.27803067208013954
    ],
    [
      0.32103254220419575,
      0.8895503280397516,
      0.3250204927851188
    ],
    [
      -0.3819915637077649,
      -0.19241055221508038,
      0.9039140582225638
    ]
  ],
  "t_cam2gripper": [
    [
      -0.18471331602609914
    ],
    [
      -0.010769436467176369
    ],
    [
      -0.00728150258085012
    ]
  ],
  "num_poses": 15
}