{
  "camera_matrix": [
    [
      243.76132361766523,
      0.0,
      284.53831843348536
    ],
    [
      0.0,
      239.90490049235495,
      230.42159298479706
    ],
    [
      0.0,
      0.0,
      1.0
    ]
  ],
  "dist_coeffs": [
    [
      -0.09405241927644087,
      0.05234662842568748,
      -0.011765689610261826,
      5.951507912660665e-05,
      -0.01269574279324936
    ]
  ],
  "reprojection_error": 0.19793953156496044,
  "num_images": 23,
  "image_size": [
    640,
    480
  ],
  "board_size": [
    7,
    4
  ],
  "square_size": 0.025
}