{
  "initial_robot_state": {
    "pose_id": 0,
    "timestamp": 1768758347.843379,
    "joint_positions": [
      -0.00019073777366429567,
      -0.0036240178160369396,
      -0.008201723918318748,
      -0.009346150793135166,
      -0.00019073777366429567,
      -0.00019073777366429567,
      -2.6170164346694946e-06
    ],
    "cartesian_position": [
      0.25401132517395386,
      -1.3160777827619077e-05,
      0.15790179050184444,
      -0.00018807888661756173,
      0.01392385659933418,
      1.327902708314783e-06
    ],
    "gripper_position": [
      0.25401132517395386,
      -1.3160777827619077e-05,
      0.15790179050184444
    ],
    "gripper_orientation_axis_angle": [
      -0.00018807888661756173,
      0.01392385659933418,
      1.327902708314783e-06
    ],
    "R_gripper2base": [
      [
        0.9999030646742214,
        -2.6372303581770393e-06,
        0.01392340648493889
      ],
      [
        1.8489228452653567e-08,
        0.9999999823125704,
        0.00018808205292079433
      ],
      [
        -0.013923406734685319,
        -0.00018806356369267802,
        0.999903046988555
      ]
    ],
    "t_gripper2base": [
      [
        0.25401132517395386
      ],
      [
        -1.3160777827619077e-05
      ],
      [
        0.15790179050184444
      ]
    ],
    "chessboard_rvec": null,
    "chessboard_tvec": null,
    "R_target2cam": null,
    "t_target2cam": null
  },
  "poses": [
    {
      "pose_id": 1,
      "timestamp": 1768758362.2658741,
      "joint_positions": [
        -1.6084916591644287,
        0.26836803555488586,
        1.0191118717193604,
        -1.571107029914856,
        -0.10509651154279709,
        -0.11387044936418533,
        7.208436727523804e-07
      ],
      "cartesian_position": [
        0.016555457888420996,
        -0.07601266491419212,
        0.20038558515242672,
        0.5885221941393486,
        0.6637618675727435,
        -1.3670474544133164
      ],
      "gripper_position": [
        0.016555457888420996,
        -0.07601266491419212,
        0.20038558515242672
      ],
      "gripper_orientation_axis_angle": [
        0.5885221941393486,
        0.6637618675727435,
        -1.3670474544133164
      ],
      "R_gripper2base": [
        [
          0.07926997437992402,
          0.9931505474859749,
          0.08583857635186315
        ],
        [
          -0.6816645303664389,
          0.11683495512076848,
          -0.7222763053722794
        ],
        [
          -0.727358054332327,
          -0.0012582886141296323,
          0.6862570054343016
        ]
      ],
      "t_gripper2base": [
        [
          0.016555457888420996
        ],
        [
          -0.07601266491419212
        ],
        [
          0.20038558515242672
        ]
      ],
      "chessboard_rvec": [
        [
          -0.2814059544295075
        ],
        [
          0.0726811075703796
        ],
        [
          0.14629564615428098
        ]
      ],
      "chessboard_tvec": [
        [
          0.022378828321866086
        ],
        [
          -0.09986128539603499
        ],
        [
          0.24525977762858872
        ]
      ],
      "R_target2cam": [
        [
          0.9867748243734842,
          -0.15386432618688092,
          0.05100210887538298
        ],
        [
          0.13359124705832617,
          0.9501463264099266,
          0.2817362900286764
        ],
        [
          -0.09180863081475821,
          -0.2711968427854172,
          0.958135401585361
        ]
      ],
      "t_target2cam": [
        [
          0.022378828321866086
        ],
        [
          -0.09986128539603499
        ],
        [
          0.24525977762858872
        ]
      ]
    }
  ],
  "num_poses": 1
}